Fecha,Temperatura_Maxima,Temperatura_Minima,Lluvia_mm,Viento
01/07/2026,20.5,13.6,6,2.8
02/07/2026,21.7,12,2.8,3.9
03/07/2026,22.9,13.1,8.2,2.8
04/07/2026,24,14.1,1.2,3.2
05/07/2026,23.6,14.1,8.6,3.8
06/07/2026,23.1,13.6,8.3,3.4
07/07/2026,23.1,13.4,3.4,4.7
08/07/2026,22.7,13,8.6,4.6
09/07/2026,23.6,13,9.2,3.4
10/07/2026,24.9,12.6,5.3,3.2
11/07/2026,24.1,13.3,19.6,3.5
12/07/2026,23.7,13,12.1,5.5
13/07/2026,23.3,13.8,3.4,4.3
14/07/2026,24.5,13.2,0.6,4.7
15/07/2026,23.7,13.4,10.4,4.1
16/07/2026,24.9,13.1,4.9,6.9
17/07/2026,22.5,13.4,4.5,4.5
18/07/2026,23.7,13.3,0.8,4.8
19/07/2026,24.9,12.9,2.5,3.5
20/07/2026,25.7,13.2,0.9,4.4
21/07/2026,26.3,13,0.5,7.4
22/07/2026,25.8,12.5,0.8,6.9
23/07/2026,27.4,13.5,0.6,6.4
24/07/2026,28.7,14.4,2,5.4
25/07/2026,27.3,14.8,3.4,7.3
26/07/2026,24.6,13.7,8,4.9
27/07/2026,23.5,14,22.1,3.7
28/07/2026,24.1,13.4,13.5,2.7
29/07/2026,23.5,13.3,4.1,3.5
30/07/2026,25.8,13.5,5.9,2.7
31/07/2026,25.5,13.1,13.5,4.1
01/08/2026,24.3,12.8,5.1,4.8
02/08/2026,27.6,13.6,0,4.7
03/08/2026,27.8,14.7,2.5,4.1
04/08/2026,26.8,14.7,1,3.3
05/08/2026,26.3,14.8,4.9,4.6
06/08/2026,25.8,12.9,15.7,3.9
07/08/2026,23,13.2,26.1,3.7
08/08/2026,23.7,13,4.6,4.5
09/08/2026,23.1,13.5,16.7,3.4
10/08/2026,23.6,12.9,6.2,4
11/08/2026,23.7,13.9,7,3.9
12/08/2026,23.9,12.9,0.4,3.2
13/08/2026,24,13,10,3.5
14/08/2026,25,13.3,7.7,3
15/08/2026,24.7,14.1,0.7,6.7
16/08/2026,25.7,14.4,5.3,5.7
17/08/2026,23.8,13.3,0.6,6.6
18/08/2026,24.8,12.2,0.6,6
19/08/2026,24.7,12.5,8.2,4.6
20/08/2026,24.9,13.8,8.6,2.7
21/08/2026,25,13.3,5.8,4.8
22/08/2026,23.2,14,9.4,4.9
23/08/2026,21.1,13.6,16.4,4
24/08/2026,20.4,13.5,16.5,3.2
25/08/2026,21.4,13.5,13.7,3.3
26/08/2026,23.9,13.2,3.2,3.7
27/08/2026,23.3,12.4,1.8,3.7
28/08/2026,24,13.9,9.8,3.3
29/08/2026,20.8,13.8,10.7,4.1
30/08/2026,23.8,12.1,3.4,3.5
31/08/2026,21.3,13.5,6.9,3.7
01/09/2026,22.3,13.3,18.6,2.9
02/09/2026,24,13.2,12.9,3.2
03/09/2026,24.3,13.6,4.2,3.9
04/09/2026,24.9,12.9,1.2,3.2
05/09/2026,24.1,14.2,12.7,4.2
06/09/2026,20.7,13.2,14.9,3.4
07/09/2026,21.1,13.5,6.3,3.3
08/09/2026,23.1,13.3,1.2,4.6
09/09/2026,22.7,13.6,7.1,4
10/09/2026,24,13.1,8.1,3
11/09/2026,23.6,13.8,12.5,3.8
12/09/2026,23.3,13.6,32.3,4.4
13/09/2026,22.9,13.2,3.5,3.4
14/09/2026,22.1,13.3,6.4,3.7
15/09/2026,22.9,13.5,3.1,4.6
16/09/2026,24.4,12.4,0.6,9.2
17/09/2026,24,13.7,2.6,9.2
18/09/2026,22.7,12.8,6.3,6.2
19/09/2026,23.3,14.2,11.6,4.7
20/09/2026,24.4,14.2,6,4.1
21/09/2026,25.2,13.3,0.8,5.9
22/09/2026,25.5,14.1,1.2,4.7
23/09/2026,24.2,14.7,3.1,5.4
24/09/2026,24.9,14.4,7.1,5.5
25/09/2026,26.3,14.3,4.2,5.5
26/09/2026,25.5,14.9,7.8,6.6
27/09/2026,25.2,14.6,4.5,5.7
28/09/2026,24.6,14.3,5.3,4.7
29/09/2026,24.3,14.3,7.4,3.5
30/09/2026,24.5,15.3,12.4,3.2
